PDB,CHAIN,RES,RES_IDX,PKA
3SRN,A,HIS,232,6.33
1QLP,A,CYS,232,6.86
1I0E,A,CYS,283,5.6
1I0E,A_285A,CYS,283,6.7
1I0E,A,CYS,283,6.7
1XSN,A,LYS,312,9.58
1NZP,A,LYS,312,9.58
1GYM,A,HIS,32,7.6
1PTD,A,HIS,32,7.6
1GYM,A,HIS,82,6.9
1PTD,A,HIS,82,6.9
1YPT,A,CYS,403,4.67
1YPT,A_402A,CYS,403,7.35
1YPT,A,CYS,403,7.35
2HNP,A,CYS,215,5.57
1DUI,A_99S,HIS,64,6.88
1DUI,A_156S,HIS,64,6.92
1DUI,A,HIS,64,6.88
1DUI,A,HIS,64,6.92
1FEZ,A,LYS,53,9.3
1RQL,A,LYS,53,9.3
1THE,A,CYS,29,3.6
1THE,A,HIS,110,6.9
1THE,A,HIS,111,7.7
1THE,A,HIS,199,8.6
1YPI,A,HIS,103,7.29
1YPH,A,HIS,40,7.2
1YPH,A,HIS,57,6.14
1EX3,A,ASP,102,1.36
1YPH,A,ASP,102,2.77
1EX3,A,ASP,194,2.29
2TGA,A,HIS,40,4.57
2TGA,A,HIS,57,7.33
6GST,A,HIS,83,5.18
6GST,A,HIS,84,7.08
6GST,A,HIS,167,7.77
1PPN,A,CYS,25,3.32
1PPO,A,CYS,25,2.88
1H4G,B,ASP,5,3.84
1QH7,A,ASP,5,3.84
1QH6,A,ASP,5,3.84
1H4G,B,HIS,11,6.52
1QH7,A,HIS,11,6.52
1QH6,A,HIS,11,6.5
1H4G,B,ASP,12,3.94
1QH7,A,ASP,12,3.94
1QH6,A,ASP,12,3.94
1XNB,A,ASP,4,3
1H4G,B,ASP,15,3.35
1QH7,A,ASP,15,3.35
1QH6,A,ASP,15,3.35
1H4G,B,GLU,17,4.31
1QH7,A,GLU,17,4.31
1QH6,A,GLU,17,4.31
1H4G,B,ASP,21,3.46
1QH7,A,ASP,21,3.46
1XNB,A,ASP,11,2.5
1BVV,A,ASP,11,2.5
1QH6,A,ASP,21,3.46
1H4G,B,HIS,32,6.68
1QH7,A,HIS,32,6.68
1QH6,A,HIS,32,6.7
1H4G,B,GLU,56,4.55
1QH7,A,GLU,56,4.55
1H4G,B,HIS,60,4.01
1QH7,A,HIS,60,4.01
1QH6,A,HIS,60,4
1H4G,B,ASP,90,3.88
1QH7,A,ASP,90,3.88
1QH6,A,ASP,90,3.88
1H4G,B,GLU,94,3.94
1QH7,A,GLU,94,3.94
1XNB,A,GLU,78,4.6
1HV1,A,GLU,78,4.6
1HV0,A,GLU,78,4.6
1BCX,A,GLU,78,4.6
1BVV,A,GLU,78,4.6
1QH6,A,GLU,94,3.94
1XNB,A,ASP,106,2.7
1H4G,B,ASP,123,2.7
1QH7,A,ASP,123,2.7
1BVV,A,ASP,106,2.7
1QH6,A,ASP,123,2.7
1H4G,B,GLU,126,4.51
1QH7,A,GLU,126,4.51
1QH6,A,GLU,126,4.51
1XNB,A,ASP,119,3.2
1BVV,A,ASP,119,3.2
1XNB,A,ASP,121,3.6
1BVV,A,ASP,121,3.6
1H4G,B,GLU,167,3.58
1QH7,A,GLU,167,3.58
1QH6,A,GLU,167,3.58
1H4G,B,GLU,178,4.1
1QH7,A,GLU,178,4.1
1QH6,A,GLU,178,4.1
1H4G,B,GLU,184,6.5
1QH7,A,GLU,184,6.5
1XNB,A,GLU,172,7.2
1HV1,A,GLU,172,7.2
1HV0,A,GLU,172,7.2
1BVV,A,GLU,172,6.7
1QH6,A,GLU,184,6.5
1DSB,A,CYS,30,3.5
1P5F,A,CYS,106,5.4
1CDC,A,ASP,124,3.53
1HNG,A,ASP,25,3.53
1CDC,A,ASP,125,3.58
1HNG,A,ASP,26,3.58
1CDC,A,ASP,127,3.57
1HNG,A,ASP,28,3.57
1CDC,A,GLU,128,4.42
1HNG,A,GLU,29,4.42
1CDC,A,GLU,132,4.16
1HNG,A,GLU,33,4.16
1CDC,A,GLU,155,3.92
1HNG,A,GLU,56,3.92
1CDC,A,ASP,161,4.15
1HNG,A,ASP,62,4.15
1CDC,A,ASP,170,3.18
1HNG,A,ASP,71,3.18
1CDC,A,ASP,171,4.14
1HNG,A,ASP,72,4.14
1CDC,A,ASP,193,3.87
1HNG,A,ASP,94,3.87
1CDC,A,GLU,198,4.25
1HNG,A,GLU,99,4.25
1B2V,A,HIS,32,7.3
1B2V,A_75A,HIS,32,7.5
1B2V,A,HIS,32,7.5
1B2V,A,HIS,128,7.1
1B2V,A_75A,HIS,128,7.2
1B2V,A,HIS,128,7.2
1EH6,A,CYS,145,5.3
2CPL,A,HIS,70,5.84
1OCA,A,HIS,70,5.8
2CPL,A,HIS,126,6.34
1OCA,A,HIS,126,6.3
2LZM,A,HIS,31,9.1
1QT8,A,HIS,31,8.9
1L54,A,LYS,102,6.5
1L54,A_102K,LYS,102,6.5
4MA9,A,CYS,46,5.94
1DG9,A,HIS,66,8.29
1Z12,A,HIS,66,8.36
1PNT,A,HIS,66,8.29
1BVH,A,HIS,66,8.3
1Z13,A,HIS,66,8.3
1DG9,A,HIS,72,9.19
1Z12,A,HIS,72,9.19
1PNT,A,HIS,72,9.19
1BVH,A,HIS,72,9.2
1Z13,A,HIS,72,9.2
1GOA,A,GLU,6,4.5
1RDD,A,GLU,6,4.5
2RN2,A,GLU,6,4.5
1RCH,A,GLU,6,4.5
1GOA,A,ASP,10,6.1
1RDD,A,ASP,10,6.1
2RN2,A,ASP,10,6.1
1RCH,A,ASP,10,6.1
1GOA,A,GLU,32,3.6
1RDD,A,GLU,32,3.6
2RN2,A,GLU,32,3.6
1RCH,A,GLU,32,3.6
1GOA,A,GLU,48,4.4
1RDD,A,GLU,48,4.4
2RN2,A,GLU,48,4.4
1RCH,A,GLU,48,4.4
1GOA,A,GLU,57,3.2
1RDD,A,GLU,57,3.2
2RN2,A,GLU,57,3.2
1RCH,A,GLU,57,3.2
1GOA,A,GLU,61,3.9
1RDD,A,GLU,61,3.9
2RN2,A,GLU,61,3.9
1RCH,A,GLU,61,3.9
1GOA,A,HIS,62,7
1RDD,A,HIS,62,7
2RN2,A,HIS,62,7
1RCH,A,HIS,62,7
1GOA,A,GLU,64,4.4
1RDD,A,GLU,64,4.4
2RN2,A,GLU,64,4.4
1RCH,A,GLU,64,4.4
1GOA,A,ASP,70,2.6
1RDD,A,ASP,70,2.6
2RN2,A,ASP,70,2.6
1RCH,A,ASP,70,2.6
1GOA,A,ASP,94,3.2
1RDD,A,ASP,94,3.2
2RN2,A,ASP,94,3.2
1RCH,A,ASP,94,3.2
1GOA,A,ASP,108,3.2
1RDD,A,ASP,108,3.2
2RN2,A,ASP,108,3.2
1RCH,A,ASP,108,3.2
1GOA,A,GLU,119,4.1
1RDD,A,GLU,119,4.1
2RN2,A,GLU,119,4.1
1RCH,A,GLU,119,4.1
1GOA,A,HIS,127,7.9
1RDD,A,HIS,127,7.9
2RN2,A,HIS,127,7.9
1RCH,A,HIS,127,7.9
1GOA,A,GLU,129,3.6
1RDD,A,GLU,129,3.6
2RN2,A,GLU,129,3.6
1RCH,A,GLU,129,3.6
1GOA,A,GLU,131,4.3
1RDD,A,GLU,131,4.3
2RN2,A,GLU,131,4.3
1RCH,A,GLU,131,4.3
1GOA,A,ASP,134,4.1
1RDD,A,ASP,134,4.3
2RN2,A,ASP,134,4.3
1RCH,A,ASP,134,4.3
1GOA,A,GLU,135,4.3
1RDD,A,GLU,135,4.3
2RN2,A,GLU,135,4.3
1RCH,A,GLU,135,4.3
1GOA,A,GLU,147,4.2
1RDD,A,GLU,147,4.2
2RN2,A,GLU,147,4.2
1RCH,A,GLU,147,4.2
1A6K,A,HIS,12,6.29
1A6M,A,HIS,12,6.29
2MB5,A,HIS,12,6.4
1MBC,A,HIS,12,6.4
4MBN,A,HIS,12,6.49
1MYF,A,HIS,12,6.5
1A6K,A,HIS,24,6.2
1A6M,A,HIS,24,6.2
1YMB,A,HIS,24,4.8
1MYF,A,HIS,24,5
1A6K,A,HIS,36,8.06
1A6M,A,HIS,36,8.06
1DWR,A,HIS,36,7.8
1WLA,A,HIS,36,7.8
1YMB,A,HIS,36,7.98
2MB5,A,HIS,36,8.2
1MBC,A,HIS,36,8.2
4MBN,A,HIS,36,7.83
1DUK,A,HIS,36,7.84
1MYF,A,HIS,36,8
1A6K,A,HIS,48,5.25
1A6M,A,HIS,48,5.25
1DWR,A,HIS,48,5.62
1WLA,A,HIS,48,5.62
1YMB,A,HIS,48,5.61
2MB5,A,HIS,48,5.5
1MBC,A,HIS,48,5.5
4MBN,A,HIS,48,5.57
1MYF,A,HIS,48,5.6
1A6K,A,HIS,81,6.68
1A6M,A,HIS,81,6.68
1DWR,A,HIS,81,6.94
1WLA,A,HIS,81,6.94
1YMB,A,HIS,81,6.72
2MB5,A,HIS,81,6.7
1MBC,A,HIS,81,6.7
4MBN,A,HIS,81,6.89
1DUK,A,HIS,81,6.58
1MYF,A,HIS,81,6.9
1A6K,A,HIS,97,5.63
1A6M,A,HIS,97,5.63
2MB5,A,HIS,97,5.6
1MBC,A,HIS,97,5.6
1MYF,A,HIS,97,5.6
2MB5,A,TYR,103,10.3
1MBC,A,TYR,103,10.3
1A6K,A,HIS,113,5.44
1A6M,A,HIS,113,5.44
1DWR,A,HIS,113,5.87
1WLA,A,HIS,113,5.87
1YMB,A,HIS,113,5.51
2MB5,A,HIS,113,5.4
1MBC,A,HIS,113,5.4
4MBN,A,HIS,113,5.51
1DUK,A,HIS,113,5.46
1MYF,A,HIS,113,5.4
1A6K,A,HIS,116,6.49
1A6M,A,HIS,116,6.49
1DWR,A,HIS,116,6.79
1WLA,A,HIS,116,6.79
1YMB,A,HIS,116,6.7
2MB5,A,HIS,116,6.6
1MBC,A,HIS,116,6.6
4MBN,A,HIS,116,6.66
1DUK,A,HIS,116,6.63
1MYF,A,HIS,116,6.7
1A6K,A,HIS,119,6.13
1A6M,A,HIS,119,6.13
1DWR,A,HIS,119,6.56
1WLA,A,HIS,119,6.56
1YMB,A,HIS,119,6.37
2MB5,A,HIS,119,6.1
1MBC,A,HIS,119,6.1
4MBN,A,HIS,119,6.38
1DUK,A,HIS,119,6.39
1MYF,A,HIS,119,6.2
2MGE,A_124C,CYS,124,6.53
2MGE,A_124C,CYS,124,6.53
2MGE,A_125C,CYS,125,8.43
2MGE,A_125C,CYS,125,8.43
2MB5,A,TYR,151,10.5
1MBC,A,TYR,151,10.5
1JAS,A,CYS,88,10.2
1DE3,A,ASP,9,3.9
1DE3,A,GLU,31,4.6
1DE3,A,HIS,36,6.8
1DE3,A_96Q,HIS,36,7.3
1DE3,A,HIS,36,7.3
1DE3,A,HIS,36,7.3
1DE3,A,HIS,50,7.7
1DE3,A_96Q,HIS,50,6.4
1DE3,A,HIS,50,6.4
1DE3,A,ASP,57,4.3
1DE3,A,ASP,59,4.1
1DE3,A,ASP,75,3.9
1DE3,A,HIS,92,6.9
1DE3,A_96Q,HIS,92,7.2
1DE3,A_50Q,HIS,92,7.3
1DE3,A_137Q,HIS,92,7.1
1DE3,A,HIS,92,7.2
1DE3,A,HIS,92,7.3
1DE3,A,HIS,92,7.1
1DE3,A,HIS,92,7.4
1DE3,A,GLU,96,5.1
1DE3,A_50Q,GLU,96,5
1DE3,A_137Q,GLU,96,5.7
1DE3,A,GLU,96,5
1DE3,A,GLU,96,5.7
1DE3,A,GLU,96,5.4
1DE3,A,HIS,104,6.6
1DE3,A_137Q,HIS,104,6.6
1DE3,A,HIS,104,7.3
1DE3,A,HIS,104,7.3
1DE3,A,ASP,109,3.7
1DE3,A,HIS,137,5.8
1DE3,A_96Q,HIS,137,5.9
1DE3,A_50Q,HIS,137,6.1
1DE3,A,HIS,137,5.9
1DE3,A,HIS,137,6.1
1DE3,A,GLU,140,4.3
1DE3,A,GLU,144,4.3
1DE3,A,HIS,150,7.6
1DE3,A_96Q,HIS,150,7.9
1DE3,A_50Q,HIS,150,7.3
1DE3,A_137Q,HIS,150,7.7
1DE3,A,HIS,150,7.9
1DE3,A,HIS,150,7.3
1DE3,A,HIS,150,7.7
1DIV,A,ASP,8,2.99
1DIV,A,GLU,17,3.57
1DIV,A,ASP,23,3.05
1DIV,A,GLU,38,4.04
1DIV,A,GLU,48,4.21
1DIV,A,GLU,54,4.21
1STG,A,HIS,8,6.82
1STN,A,HIS,8,6.52
1EY0,A,HIS,8,6.52
3D6C,A_38E,HIS,8,6.5
3D6C,A_38D,HIS,8,6.5
1STN,A_9A,HIS,8,6.73
1STN,A_73A,HIS,8,6.47
2RDF,A_75A,HIS,8,6.3
2QDB,A_75Q,HIS,8,6.18
1STN,A_77A,HIS,8,6.44
1STN,A_77N,HIS,8,6.29
1STN,A_91A,HIS,8,6.42
1STN,A_91F,HIS,8,6.36
1STN,A_93A,HIS,8,6.45
1STN,A_93F,HIS,8,6.46
1STN,A_101A,HIS,8,6.49
1STN,A_127A,HIS,8,6.51
1STN,A_128A,HIS,8,6.53
1STN,A,HIS,8,6.73
1STN,A,HIS,8,6.47
1STN,A,HIS,8,6.44
1STN,A,HIS,8,6.29
1STN,A,HIS,8,6.42
1STN,A,HIS,8,6.36
1STN,A,HIS,8,6.45
1STN,A,HIS,8,6.46
1STN,A,HIS,8,6.49
1STN,A,HIS,8,6.51
1STN,A,HIS,8,6.53
3D6C,A,HIS,8,6.5
3D6C,A,HIS,8,6.5
3D6C,A,HIS,8,6.4
3D6C,A,HIS,8,6.4
3D6C,A,HIS,8,6.5
3D6C,A,HIS,8,6.5
2RDF,A,HIS,8,6.3
2QDB,A,HIS,8,6.18
1SNC,A,HIS,8,6.52
2LKV,A_20E,GLU,20,4.5
2LKV,A_20E,GLU,20,4.5
3BDC,A_20K,LYS,20,10.4
3BDC,A_20K,LYS,20,10.4
3D6C,A_38E,ASP,21,6.6
2RKS,A_38K,ASP,21,6.5
3D6C,A,ASP,21,6.6
2RKS,A,ASP,21,6.5
3BDC,A,ASP,21,6.53
1STN,A,ASP,21,3.01
3BDC,A_23D,ASP,23,6.8
3BDC,A_23D,ASP,23,6.8
3QOJ,A_23K,LYS,23,7.3
3QOJ,A,LYS,23,7.3
3EVQ,A_25E,GLU,25,7.5
2LKV,A_25E,GLU,25,7.5
3EVQ,A,GLU,25,7.5
2LKV,A_25E,GLU,25,7.5
3ERQ,A_25K,LYS,25,6.3
3ERQ,A,LYS,25,6.3
3BDC,A_34E,GLU,34,7.3
2LKV,A_34E,GLU,34,7.3
3BDC,A_34E,GLU,34,7.3
2LKV,A_34E,GLU,34,7.3
3ITP,A_34K,LYS,34,7.1
3ITP,A,LYS,34,7.1
3BDC,A_36D,ASP,36,7.9
3BDC,A_36D,ASP,36,7.9
2LKV,A_36E,GLU,36,8.7
2LKV,A_36E,GLU,36,8.7
2LKV,A_37E,GLU,37,5.2
2LKV,A_37E,GLU,37,5.2
3BDC,A_37K,LYS,37,10.4
3BDC,A_37K,LYS,37,10.4
3D6C,A_38D,ASP,38,6.5
3D6C,A_38D,ASP,38,6.5
3D6C,A_38E,GLU,38,7
2LKV,A_38E,GLU,38,6.8
3D6C,A,GLU,38,7
3D6C,A,GLU,38,6.1
3D6C,A,GLU,38,6.2
3D6C,A,GLU,38,7.4
3D6C,A,GLU,38,7.2
2LKV,A_38E,GLU,38,6.8
2RKS,A_38K,LYS,38,10.4
2RKS,A,LYS,38,10.4
2LKV,A_39E,GLU,39,8.2
2LKV,A_39E,GLU,39,8.2
3BDC,A_39K,LYS,39,9
3BDC,A_39K,LYS,39,9
1STN,A,ASP,40,3.87
3D6C,A_38E,ASP,40,3.9
2RKS,A_38K,ASP,40,3.8
3D6C,A,ASP,40,3.9
2RKS,A,ASP,40,3.8
3BDC,A,ASP,40,3.87
2LKV,A_41E,GLU,41,6.8
2LKV,A_41E,GLU,41,6.8
3BDC,A_41K,LYS,41,9.3
3BDC,A_41K,LYS,41,9.3
1STG,A,HIS,46,5.8
1STN,A,HIS,46,5.86
1EY0,A,HIS,46,5.86
1STN,A_9A,HIS,46,6.47
1STN,A_73A,HIS,46,6.51
1STN,A_77A,HIS,46,6.43
1STN,A_77N,HIS,46,6.53
1STN,A_91A,HIS,46,6.52
1STN,A_91F,HIS,46,6.39
1STN,A_93A,HIS,46,6.48
1STN,A_93F,HIS,46,6.42
1STN,A_101A,HIS,46,6.4
1STN,A_127A,HIS,46,6.45
1STN,A_128A,HIS,46,6.49
1STN,A,HIS,46,6.47
1STN,A,HIS,46,6.51
1STN,A,HIS,46,6.43
1STN,A,HIS,46,6.53
1STN,A,HIS,46,6.52
1STN,A,HIS,46,6.39
1STN,A,HIS,46,6.48
1STN,A,HIS,46,6.42
1STN,A,HIS,46,6.4
1STN,A,HIS,46,6.45
1STN,A,HIS,46,6.49
1SNC,A,HIS,46,5.86
1STN,A,GLU,52,3.93
3D6C,A_38E,GLU,52,4
2RKS,A_38K,GLU,52,4.1
3D6C,A,GLU,52,4
2RKS,A,GLU,52,4.1
3BDC,A,GLU,52,3.93
1STN,A,GLU,57,3.49
3D6C,A_38E,GLU,57,3.6
2RKS,A_38K,GLU,57,3.6
3D6C,A,GLU,57,3.6
2RKS,A,GLU,57,3.6
3BDC,A,GLU,57,3.49
2LKV,A_58E,GLU,58,7.7
2LKV,A_58E,GLU,58,7.7
3BDC,A_58K,LYS,58,10.4
3BDC,A_58K,LYS,58,10.4
2LKV,A_62E,GLU,62,7.7
2LKV,A_62E,GLU,62,7.7
3DMU,A_62K,LYS,62,8.1
3DMU,A,LYS,62,8.1
2OXP,A_66D,ASP,66,8.7
2OXP,A,ASP,66,8.7
1U9R,A_66E,GLU,66,8.5
2LKV,A_66E,GLU,66,8.5
1U9R,A,GLU,66,8.5
2LKV,A_66E,GLU,66,8.5
3HZX,A_66K,LYS,66,5.6
2SNM,A_66K,LYS,66,5.6
3HZX,A,LYS,66,5.6
2SNM,A,LYS,66,5.6
3ERO,A_72E,GLU,72,7.3
2LKV,A_72E,GLU,72,7.3
3ERO,A,GLU,72,7.3
2LKV,A_72E,GLU,72,7.3
2RBM,A_72K,LYS,72,8.6
2RBM,A,LYS,72,8.6
1STN,A,GLU,73,3.31
3D6C,A_38E,GLU,73,3.4
2RKS,A_38K,GLU,73,3.3
3D6C,A,GLU,73,3.4
2RKS,A,GLU,73,3.3
3BDC,A,GLU,73,3.31
2LKV,A_74E,GLU,74,7.8
2LKV,A_74E,GLU,74,7.8
3RUZ,A_74K,LYS,74,7.4
3RUZ,A,LYS,74,7.4
1STN,A,GLU,75,3.26
3D6C,A_38E,GLU,75,3.3
3D6C,A,GLU,75,3.3
3BDC,A,GLU,75,3.26
2LKV,A_90E,GLU,90,6.4
2LKV,A_90E,GLU,90,6.4
3BDC,A_90K,LYS,90,8.6
3DHQ,A_90K,LYS,90,8.6
3DHQ,A_90K,LYS,90,8.6
3BDC,A_90K,LYS,90,8.6
3D4D,A_91E,GLU,91,7.1
2LKV,A_91E,GLU,91,7.1
3D4D,A,GLU,91,7.1
2LKV,A_91E,GLU,91,7.1
3BDC,A_91K,LYS,91,9
3BDC,A_91K,LYS,91,9
2OEO,A_92D,ASP,92,7.5
2OEO,A,ASP,92,7.5
5E3F,A,LYS,92,5.3
1TT2,A_92K,LYS,92,5.3
5E3F,A,LYS,92,5.3
1TT2,A,LYS,92,5.3
2LKV,A_99E,GLU,99,8.4
2LKV,A_99E,GLU,99,8.4
2LKV,A_100E,GLU,100,7.6
2LKV,A_100E,GLU,100,7.6
3BDC,A_100K,LYS,100,8.6
3BDC,A_100K,LYS,100,8.6
1STN,A,GLU,101,3.81
3D6C,A_38E,GLU,101,3.9
2RKS,A_38K,GLU,101,3.9
3D6C,A,GLU,101,3.9
2RKS,A,GLU,101,3.9
3BDC,A,GLU,101,3.81
2LKV,A_103E,GLU,103,8.9
2LKV,A_103E,GLU,103,8.9
3E5S,A_103K,LYS,103,8.2
3E5S,A,LYS,103,8.2
3P75,A_104D,ASP,104,9.7
3P75,A,ASP,104,9.7
3C1F,A_104K,LYS,104,7.7
3C1F,A,LYS,104,7.7
2LKV,A_109E,GLU,109,7.9
2LKV,A_109E,GLU,109,7.9
3BDC,A_109K,LYS,109,9.2
3BDC,A_109K,LYS,109,9.2
2LKV,A_118E,GLU,118,4.5
2LKV,A_118E,GLU,118,4.5
3BDC,A_118K,LYS,118,10.4
3BDC,A_118K,LYS,118,10.4
1STN,A,HIS,121,5.3
1EY0,A,HIS,121,5.3
3D6C,A_38E,HIS,121,5.7
3D6C,A_38D,HIS,121,5.7
1STN,A_9A,HIS,121,5.48
1STN,A_73A,HIS,121,5.24
2RDF,A_75A,HIS,121,4.24
2QDB,A_75Q,HIS,121,4.03
1STN,A_77A,HIS,121,5.89
1STN,A_77N,HIS,121,5.77
1STN,A_91A,HIS,121,5.32
1STN,A_91F,HIS,121,6.04
1STN,A_93A,HIS,121,5.94
1STN,A_93F,HIS,121,4
1STN,A_101A,HIS,121,5.26
1STN,A_127A,HIS,121,5.3
1STN,A_128A,HIS,121,5.25
1STN,A,HIS,121,5.48
1STN,A,HIS,121,5.48
1STN,A,HIS,121,5.24
1STN,A,HIS,121,5.24
1STN,A,HIS,121,5.89
1STN,A,HIS,121,5.89
1STN,A,HIS,121,5.77
1STN,A,HIS,121,5.77
1STN,A,HIS,121,5.32
1STN,A,HIS,121,5.32
1STN,A,HIS,121,6.04
1STN,A,HIS,121,6.04
1STN,A,HIS,121,5.94
1STN,A,HIS,121,5.94
1STN,A,HIS,121,4
1STN,A,HIS,121,4
1STN,A,HIS,121,5.26
1STN,A,HIS,121,5.26
1STN,A,HIS,121,5.25
1STN,A,HIS,121,5.25
3D6C,A,HIS,121,5.7
3D6C,A,HIS,121,5.7
3D6C,A,HIS,121,5.7
2RDF,A,HIS,121,4.24
2QDB,A,HIS,121,4.03
1SNC,A,HIS,121,5.3
3D6C,A,HIS,121,5.7
1STN,A,GLU,122,3.89
3D6C,A_38E,GLU,122,3.9
2RKS,A_38K,GLU,122,3.9
3D6C,A,GLU,122,3.9
2RKS,A,GLU,122,3.9
3BDC,A,GLU,122,3.89
1STG,A,HIS,124,5.99
1STN,A,HIS,124,5.73
1EY0,A,HIS,124,5.73
1STN,A_9A,HIS,124,5.67
1STN,A_73A,HIS,124,5.63
2RDF,A_75A,HIS,124,5.64
2QDB,A_75Q,HIS,124,5.71
1STN,A_77A,HIS,124,5.77
1STN,A_77N,HIS,124,5.81
1STN,A_91A,HIS,124,5.82
1STN,A_91F,HIS,124,5.65
1STN,A_93A,HIS,124,5.68
1STN,A_93F,HIS,124,5.52
1STN,A_101A,HIS,124,5.04
1STN,A_127A,HIS,124,5.99
1STN,A_128A,HIS,124,5.71
1STN,A,HIS,124,5.67
1STN,A,HIS,124,5.63
1STN,A,HIS,124,5.77
1STN,A,HIS,124,5.81
1STN,A,HIS,124,5.82
1STN,A,HIS,124,5.65
1STN,A,HIS,124,5.68
1STN,A,HIS,124,5.52
1STN,A,HIS,124,5.04
1STN,A,HIS,124,5.99
1STN,A,HIS,124,5.71
2RDF,A,HIS,124,5.64
2QDB,A,HIS,124,5.71
1SNC,A,HIS,124,5.73
2LKV,A_125E,GLU,125,9.1
2LKV,A_125E,GLU,125,9.1
3C1E,A_125K,LYS,125,6.2
3C1E,A,LYS,125,6.2
1STN,A,GLU,129,3.75
3D6C,A_38E,GLU,129,3.8
2RKS,A_38K,GLU,129,3.8
3D6C,A,GLU,129,3.8
2RKS,A,GLU,129,3.8
3BDC,A,GLU,129,3.75
2LKV,A_132E,GLU,132,7
2LKV,A_132E,GLU,132,7
3BDC,A_132K,LYS,132,10.4
3BDC,A_132K,LYS,132,10.4
1STN,A,GLU,135,3.76
3D6C,A_38E,GLU,135,3.8
2RKS,A_38K,GLU,135,3.9
3D6C,A,GLU,135,3.8
2RKS,A,GLU,135,3.9
3BDC,A,GLU,135,3.76
1JBB,A,CYS,87,11.1
4HHB,B,HIS,2,6.7
1HHO,B,HIS,2,6.7
4HHB,B,HIS,77,7.8
1HHO,B,HIS,77,7.8
4HHB,B,HIS,143,5.6
4HHB,B,HIS,146,8.1
1HHO,B,HIS,146,7
1I7K,A_114S,CYS,102,10.9
1I7K,A,CYS,102,10.9
1NFN,A,LYS,69,10.4
1GS9,A,LYS,69,10.4
1LE2,A_158C,LYS,69,10.1
1LE2,A,LYS,69,10.1
1NFN,A,LYS,72,10
1GS9,A,LYS,72,10
1LE2,A_158C,LYS,72,10
1LE2,A,LYS,72,10
1NFN,A,LYS,75,10.1
1GS9,A,LYS,75,10.1
1LE2,A_158C,LYS,75,10
1LE2,A,LYS,75,10
1NFN,A,LYS,95,10.1
1GS9,A,LYS,95,10.1
1LE2,A_158C,LYS,95,10.2
1LE2,A,LYS,95,10.2
1NFN,A,LYS,143,9.5
1GS9,A,LYS,143,9.5
1LE2,A_158C,LYS,143,9.4
1LE2,A,LYS,143,9.4
1NFN,A,LYS,146,9.2
1GS9,A,LYS,146,9.2
1LE2,A_158C,LYS,146,9.9
1LE2,A,LYS,146,9.9
1NFN,A,LYS,157,11.1
1GS9,A,LYS,157,11.1
1LE2,A_158C,LYS,157,10.9
1LE2,A,LYS,157,10.9
4HHB,A,HIS,20,7.6
1HHO,A,HIS,20,7
4HHB,A,HIS,50,7.2
1HHO,A,HIS,50,7.1
4HHB,A,HIS,89,7.2
1HHO,A,HIS,89,5.6
4HHB,A,HIS,112,8.1
1HHO,A,HIS,112,8.1
1LSE,A,LYS,1,10.8
1LYS,A,LYS,1,10.8
2LZT,A,LYS,1,10.9
4LZT,A,LYS,1,10.9
1E8L,A,LYS,1,10.8
1LSE,A,GLU,7,2.85
1LYS,A,GLU,7,2.85
2LZT,A,GLU,7,2.85
4LZT,A,GLU,7,2.85
135L,A,GLU,7,2.68
1LZ3,A,GLU,7,2.68
1AKI,A,GLU,7,2.85
1E8L,A,GLU,7,2.85
1LSA,A,GLU,7,2.85
3LZT,A,GLU,7,2.85
4LYT,A,GLU,7,2.85
1LSE,A,LYS,13,10.5
1LYS,A,LYS,13,10.5
2LZT,A,LYS,13,10.6
4LZT,A,LYS,13,10.6
1AKI,A,LYS,13,10.5
1E8L,A,LYS,13,10.5
1LSA,A,LYS,13,10.5
3LZT,A,LYS,13,10.5
4LYT,A,LYS,13,10.5
4LZT,A,HIS,15,5.36
2LZT,A,HIS,15,5.36
6LYZ,A,HIS,15,5.5
1AKI,A,HIS,15,5.71
1E8L,A,HIS,15,5.36
1LSA,A,HIS,15,5.71
3LZT,A,HIS,15,5.71
4LYT,A,HIS,15,5.71
1LSE,A,ASP,18,2.66
1LYS,A,ASP,18,2.66
2LZT,A,ASP,18,2.66
4LZT,A,ASP,18,2.66
135L,A,ASP,18,2.68
1LZ3,A,ASP,18,2.68
1AKI,A,ASP,18,2.66
1E8L,A,ASP,18,2.66
1LSA,A,ASP,18,2.66
3LZT,A,ASP,18,2.66
4LYT,A,ASP,18,2.66
2LZT,A,TYR,20,10.3
1AKI,A,TYR,20,10.3
1E8L,A,TYR,20,10.3
1LSA,A,TYR,20,10.3
3LZT,A,TYR,20,10.3
4LYT,A,TYR,20,10.3
2LZT,A,TYR,23,9.8
1AKI,A,TYR,23,9.8
1E8L,A,TYR,23,9.8
1LSA,A,TYR,23,9.8
3LZT,A,TYR,23,9.8
4LYT,A,TYR,23,9.8
1LSE,A,LYS,33,10.6
1LYS,A,LYS,33,10.6
2LZT,A,LYS,33,10.6
4LZT,A,LYS,33,10.6
1AKI,A,LYS,33,10.6
1E8L,A,LYS,33,10.4
1LSA,A,LYS,33,10.6
3LZT,A,LYS,33,10.6
4LYT,A,LYS,33,10.6
1LSE,A,GLU,35,6.2
1LYS,A,GLU,35,6.2
2LZT,A,GLU,35,6.2
4LZT,A,GLU,35,6.2
135L,A,GLU,35,6.06
1LZ3,A,GLU,35,6.06
1AKI,A,GLU,35,6.2
1E8L,A,GLU,35,6.2
1LSA,A,GLU,35,6.2
3LZT,A,GLU,35,6.2
4LYT,A,GLU,35,6.2
1LSE,A,ASP,48,1.6
1LYS,A,ASP,48,1.6
2LZT,A,ASP,48,1.6
4LZT,A,ASP,48,1.6
1LZ3,A,ASP,48,2.5
1AKI,A,ASP,48,2.5
1E8L,A,ASP,48,1.6
1LSA,A,ASP,48,2.5
3LZT,A,ASP,48,2.5
4LYT,A,ASP,48,2.5
1LSE,A,ASP,52,3.68
1LYS,A,ASP,52,3.68
2LZT,A,ASP,52,3.68
4LZT,A,ASP,52,3.68
135L,A,ASP,52,3.78
1LZ3,A,ASP,52,3.78
1AKI,A,ASP,52,3.68
1E8L,A,ASP,52,3.68
1LSA,A,ASP,52,3.68
3LZT,A,ASP,52,3.68
4LYT,A,ASP,52,3.68
2LZT,A,TYR,53,12.1
1AKI,A,TYR,53,12.1
1LSA,A,TYR,53,12.1
3LZT,A,TYR,53,12.1
4LYT,A,TYR,53,12.1
1LSE,A,ASP,66,0.9
1LYS,A,ASP,66,0.9
2LZT,A,ASP,66,0.9
4LZT,A,ASP,66,0.9
1LZ3,A,ASP,66,2
1AKI,A,ASP,66,2
1E8L,A,ASP,66,0.9
1LSA,A,ASP,66,2
3LZT,A,ASP,66,2
4LYT,A,ASP,66,2
1LZ1,A,HIS,78,7.12
1LSE,A,ASP,87,2.07
1LYS,A,ASP,87,2.07
2LZT,A,ASP,87,2.07
4LZT,A,ASP,87,2.07
135L,A,ASP,87,2.13
1LZ3,A,ASP,87,2.13
1AKI,A,ASP,87,2.07
1E8L,A,ASP,87,2.1
1LSA,A,ASP,87,2.07
3LZT,A,ASP,87,2.07
4LYT,A,ASP,87,2.07
1LSE,A,LYS,96,10.8
1LYS,A,LYS,96,10.8
2LZT,A,LYS,96,10.8
4LZT,A,LYS,96,10.8
1AKI,A,LYS,96,10.8
1E8L,A,LYS,96,10.8
1LSA,A,LYS,96,10.8
3LZT,A,LYS,96,10.8
4LYT,A,LYS,96,10.8
1LSE,A,LYS,97,10.3
1LYS,A,LYS,97,10.3
2LZT,A,LYS,97,10.3
4LZT,A,LYS,97,10.3
1AKI,A,LYS,97,10.3
1E8L,A,LYS,97,10.3
1LSA,A,LYS,97,10.3
3LZT,A,LYS,97,10.3
4LYT,A,LYS,97,10.3
1LSE,A,ASP,101,4.09
1LYS,A,ASP,101,4.09
2LZT,A,ASP,101,4.09
4LZT,A,ASP,101,4.09
1AKI,A,ASP,101,4.09
1E8L,A,ASP,101,4.08
1LSA,A,ASP,101,4.09
3LZT,A,ASP,101,4.09
4LYT,A,ASP,101,4.09
1LSE,A,ASP,119,3.2
1LYS,A,ASP,119,3.2
2LZT,A,ASP,119,3.2
4LZT,A,ASP,119,3.2
135L,A,ASP,119,3.35
1LZ3,A,ASP,119,3.35
1AKI,A,ASP,119,3.2
1E8L,A,ASP,119,3.2
1LSA,A,ASP,119,3.2
3LZT,A,ASP,119,3.2
4LYT,A,ASP,119,3.2
1MUT,A,LYS,39,8.4
1KF3,A,GLU,9,4
1RNZ,A,GLU,9,4
3RN3,A,GLU,9,4
7RSA,A,GLU,9,4
9RAT,A,GLU,9,4
2AAS,A,GLU,9,4
1KF3,A,HIS,12,6
1RNZ,A,HIS,12,6
3RN3,A,HIS,12,6.2
7RSA,A,HIS,12,6
9RAT,A,HIS,12,6
3SRN,A,HIS,12,6.03
2AAS,A,HIS,12,6
1KF3,A,ASP,38,2.1
1RNZ,A,ASP,38,2.1
3RN3,A,ASP,38,3.5
7RSA,A,ASP,38,2.1
9RAT,A,ASP,38,2.1
2AAS,A,ASP,38,3.5
3RN3,A,HIS,48,6
3RN3,A,HIS,48,6
2AAS,A,HIS,48,6.1
1KF3,A,GLU,49,4.3
1RNZ,A,GLU,49,4.3
3RN3,A,GLU,49,4.7
7RSA,A,GLU,49,4.3
9RAT,A,GLU,49,4.3
2AAS,A,GLU,49,4.7
1KF3,A,ASP,53,3.7
1RNZ,A,ASP,53,3.7
3RN3,A,ASP,53,3.9
7RSA,A,ASP,53,3.7
9RAT,A,ASP,53,3.7
2AAS,A,ASP,53,3.7
1KF3,A,ASP,83,3.3
1RNZ,A,ASP,83,3.3
3RN3,A,ASP,83,3.5
7RSA,A,ASP,83,3.3
9RAT,A,ASP,83,3.3
2AAS,A,ASP,83,3.3
1KF3,A,GLU,86,4
1RNZ,A,GLU,86,4
3RN3,A,GLU,86,4.1
7RSA,A,GLU,86,4
9RAT,A,GLU,86,4
2AAS,A,GLU,86,4
1KF3,A,HIS,105,6.5
1RNZ,A,HIS,105,6.5
3RN3,A,HIS,105,6.7
7RSA,A,HIS,105,6.5
9RAT,A,HIS,105,6.5
3SRN,A,HIS,105,6.82
2AAS,A,HIS,105,6.5
1KF3,A,HIS,119,6.5
1RNZ,A,HIS,119,6.5
3RN3,A,HIS,119,6.1
7RSA,A,HIS,119,6.5
9RAT,A,HIS,119,6.5
2AAS,A,HIS,119,6.5
1KF3,A,ASP,121,3
1RNZ,A,ASP,121,3
3RN3,A,ASP,121,3.1
7RSA,A,ASP,121,3
9RAT,A,ASP,121,3
2AAS,A,ASP,121,3
1MEK,A,CYS,36,4.5
1A2P,C,ASP,8,3.1
1B2X,A,ASP,8,3.1
1BNI,B,ASP,8,3.1
1BNJ,A,ASP,8,3.1
1BNR,A,ASP,8,3.1
1FW7,A,ASP,8,3.1
1A2P,C,ASP,12,3.8
1B2X,A,ASP,12,3.8
1BNI,B,ASP,12,3.8
1BNJ,A,ASP,12,3.8
1BNR,A,ASP,12,3.8
1FW7,A,ASP,12,3.8
1A2P,C,HIS,18,7.75
1B2X,A,HIS,18,7.75
1BNI,B,HIS,18,7.75
1BNJ,A,HIS,18,7.75
1BNR,A,HIS,18,7.75
1FW7,A,HIS,18,7.75
1A2P,C,ASP,22,3.3
1B2X,A,ASP,22,3.3
1BNI,B,ASP,22,3.3
1BNJ,A,ASP,22,3.3
1BNR,A,ASP,22,3.3
1FW7,A,ASP,22,3.3
1A2P,C,GLU,29,3.75
1B2X,A,GLU,29,3.75
1BNI,B,GLU,29,3.75
1BNJ,A,GLU,29,3.75
1BNR,A,GLU,29,3.75
1FW7,A,GLU,29,3.75
1A2P,C,ASP,44,3.6
1B2X,A,ASP,44,3.6
1BNI,B,ASP,44,3.6
1BNJ,A,ASP,44,3.6
1BNR,A,ASP,44,3.6
1FW7,A,ASP,44,3.6
1A2P,C,ASP,54,2.2
1BNR,A,ASP,54,2.2
1A2P,C,GLU,73,2.1
1B2X,A,GLU,73,2.1
1BNI,B,GLU,73,2.1
1BNJ,A,GLU,73,2.1
1BNR,A,GLU,73,2.1
1FW7,A,GLU,73,2.1
1A2P,C,ASP,75,3.1
1B2X,A,ASP,75,3.1
1BNI,B,ASP,75,3.1
1BNJ,A,ASP,75,3.1
1BNR,A,ASP,75,3.1
1FW7,A,ASP,75,3.1
1A2P,C,ASP,86,4.2
1B2X,A,ASP,86,4.2
1BNI,B,ASP,86,4.2
1BNJ,A,ASP,86,4.2
1BNR,A,ASP,86,4.2
1FW7,A,ASP,86,4.2
1A2P,C,ASP,101,2
1BNR,A,ASP,101,2
1A2P,C,HIS,102,6.3
1B2X,A,HIS,102,6.3
1BNI,B,HIS,102,6.3
1BNJ,A,HIS,102,6.3
1BNR,A,HIS,102,6.3
1FW7,A,HIS,102,6.3
2TRX,A,HIS,6,6.2
2TRX,A,ASP,20,3.8
2TRX,A,ASP,26,7.5
2TRX,A,CYS,32,7.1
2TRX,A,CYS,35,9.9
3SSI,A,HIS,43,3.25
2SIC,I,HIS,43,3.15
3SIC,I,HIS,43,3.15
5SIC,I,HIS,43,3.15
3SSI,A,HIS,106,6
2SIC,I,HIS,106,6
3SIC,I,HIS,106,6
5SIC,I,HIS,106,6
1FKS,A,HIS,87,6.51
1FKS,A,HIS,94,5.84
1ERT,A,GLU,6,4.8
1ERU,A,GLU,6,4.9
1TRS,A,GLU,6,4.9
1TRW,A,GLU,6,4.8
4TRX,A,GLU,6,4.8
1AUC,A,GLU,6,4.9
3TRX,A,GLU,6,4.8
1ERT,A,GLU,13,4.8
1ERU,A,GLU,13,4.4
1TRS,A,GLU,13,4.4
1TRW,A,GLU,13,4.4
4TRX,A,GLU,13,4.4
1AUC,A,GLU,13,4.4
3TRX,A,GLU,13,4.4
1ERT,A,ASP,16,3.7
1ERU,A,ASP,16,4.2
1TRS,A,ASP,16,4.2
1TRW,A,ASP,16,4
4TRX,A,ASP,16,4
1AUC,A,ASP,16,4.2
3TRX,A,ASP,16,4
1ERT,A,ASP,20,3.6
1ERU,A,ASP,20,3.8
1TRS,A,ASP,20,3.8
1TRW,A,ASP,20,3.8
4TRX,A,ASP,20,3.8
1AUC,A,ASP,20,3.8
3TRX,A,ASP,20,3.8
1ERT,A,ASP,26,9.9
1ERU,A,ASP,26,8.1
1TRS,A,ASP,26,8.1
1TRW,A,ASP,26,9.9
4TRX,A,ASP,26,9.9
1AUC,A,ASP,26,8.1
3TRX,A,ASP,26,9.9
1ERT,A,CYS,32,6.3
1ERT,A,HIS,43,5.5
3TRX,A,HIS,43,5.5
4TRX,A,HIS,43,5.5
1ERT,A,GLU,56,5
1ERU,A,GLU,56,5.1
1TRS,A,GLU,56,3.2
1TRW,A,GLU,56,3.1
4TRX,A,GLU,56,3.1
1AUC,A,GLU,56,3.2
3TRX,A,GLU,56,3.1
1ERT,A,ASP,58,3.1
1ERU,A,ASP,58,2.7
1TRS,A,ASP,58,2.7
1TRW,A,ASP,58,2.8
4TRX,A,ASP,58,2.8
1AUC,A,ASP,58,2.7
3TRX,A,ASP,58,2.8
1ERT,A,ASP,60,4.2
1ERU,A,ASP,60,3.9
1TRS,A,ASP,60,3.9
1TRW,A,ASP,60,4.2
1AUC,A,ASP,60,3.9
3TRX,A,ASP,60,4.2
4TRX,A,ASP,60,4.2
1ERT,A,ASP,61,5.3
1ERU,A,ASP,61,5.2
1TRS,A,ASP,61,5.2
1TRW,A,ASP,61,5.3
4TRX,A,ASP,61,5.3
1AUC,A,ASP,61,5.2
3TRX,A,ASP,61,5.3
1ERT,A,ASP,64,3.1
1ERU,A,ASP,64,3.2
1TRS,A,ASP,64,3.2
1TRW,A,ASP,64,3.2
4TRX,A,ASP,64,3.2
1AUC,A,ASP,64,3.2
3TRX,A,ASP,64,3.2
1ERT,A,GLU,68,4.9
1ERU,A,GLU,68,5.1
1TRS,A,GLU,68,5.1
1TRW,A,GLU,68,4.9
4TRX,A,GLU,68,4.9
1AUC,A,GLU,68,5.1
3TRX,A,GLU,68,4.9
1ERT,A,GLU,70,4.6
1ERU,A,GLU,70,4.8
1TRS,A,GLU,70,4.8
1TRW,A,GLU,70,4.6
4TRX,A,GLU,70,4.6
1AUC,A,GLU,70,4.8
3TRX,A,GLU,70,4.6
1ERT,A,GLU,95,4.1
1ERU,A,GLU,95,4.1
1TRS,A,GLU,95,4.1
1TRW,A,GLU,95,4.1
4TRX,A,GLU,95,4.1
1AUC,A,GLU,95,4.1
3TRX,A,GLU,95,4.1
1ERT,A,GLU,98,3.9
1ERU,A,GLU,98,3.9
1TRS,A,GLU,98,3.9
1TRW,A,GLU,98,3.9
4TRX,A,GLU,98,3.9
1AUC,A,GLU,98,3.9
3TRX,A,GLU,98,3.9
1ERT,A,GLU,103,4.4
1ERU,A,GLU,103,4.5
1TRS,A,GLU,103,4.5
1TRW,A,GLU,103,4.4
4TRX,A,GLU,103,4.4
1AUC,A,GLU,103,4.5
3TRX,A,GLU,103,4.4
1BVI,B,ASP,3,3.54
1I0V,A,ASP,3,3.54
1YGW,A,ASP,3,3.54
9RNT,A,ASP,3,3.54
1BVI,B,ASP,15,3.52
1I0V,A,ASP,15,3.52
1YGW,A,ASP,15,3.52
9RNT,A,ASP,15,3.52
1BVI,B,GLU,28,5.61
1I0V,A,GLU,28,5.61
1YGW,A,GLU,28,5.61
9RNT,A,GLU,28,5.61
1RGA,A,GLU,28,5.61
1BVI,B,ASP,29,4.26
1I0V,A,ASP,29,4.26
1YGW,A,ASP,29,4.26
9RNT,A,ASP,29,4.26
1BVI,B,GLU,31,5.36
1I0V,A,GLU,31,5.36
1YGW,A,GLU,31,5.36
9RNT,A,GLU,31,5.36
1BVI,B,HIS,40,7.44
1I0V,A,HIS,40,7.44
1YGW,A,HIS,40,7.44
9RNT,A,HIS,40,7.44
1RGA,A,HIS,40,7.44
1BVI,B,GLU,46,3.62
1I0V,A,GLU,46,3.62
1YGW,A,GLU,46,3.62
9RNT,A,GLU,46,3.62
1BVI,B,ASP,49,4.22
1I0V,A,ASP,49,4.22
1YGW,A,ASP,49,4.22
9RNT,A,ASP,49,4.22
1BVI,B,GLU,58,3.96
1I0V,A,GLU,58,3.96
1YGW,A,GLU,58,3.96
9RNT,A,GLU,58,3.96
1RGA,A,GLU,58,3.96
1BVI,B,ASP,66,3.9
1I0V,A,ASP,66,3.9
1YGW,A,ASP,66,3.9
9RNT,A,ASP,66,3.9
1BVI,B,ASP,76,0.5
1I0V,A,ASP,76,0.5
9RNT,A,ASP,76,0.5
1RGA,A,ASP,76,0.5
1BVI,B,GLU,82,3.27
1I0V,A,GLU,82,3.27
1YGW,A,GLU,82,3.27
9RNT,A,GLU,82,3.27
1BVI,B,HIS,92,7.31
1I0V,A,HIS,92,7.31
1YGW,A,HIS,92,7.31
9RNT,A,HIS,92,7.31
1RGA,A,HIS,92,7.31
1BVI,B,GLU,102,5.3
1I0V,A,GLU,102,5.3
1YGW,A,GLU,102,5.3
9RNT,A,GLU,102,5.3
3NBS,A,HIS,18,2.5
1HRC,A,HIS,18,2.5
3NBS,A,HIS,33,6.4
1HRC,A,HIS,33,6.4
1HRC,A,TYR,67,11
1HRC,A,LYS,79,9
1HPX,A,ASP,29,3.19
3FX5,A,ASP,29,3.19
3FX5,B,ASP,129,3.65
1HPX,A,ASP,30,3.88
3FX5,A,ASP,30,3.88
3FX5,B,ASP,130,3.78
1HPX,A,ASP,60,2.99
3FX5,A,ASP,60,2.99
3FX5,B,ASP,160,2.99
1BEG,A,ASP,21,2.49
1BEO,A,ASP,21,2.49
1BEG,A,ASP,30,2.51
1BEO,A,ASP,30,2.51
1BEG,A,LYS,61,10.1
1BEO,A,LYS,61,10.1
1BEG,A,ASP,72,2.61
1BEO,A,ASP,72,2.61
1BEG,A,TYR,85,10.35
1BEO,A,TYR,85,10.35
1BEG,A,LYS,94,9.4
1BEO,A,LYS,94,9.4
1LNI,A,ASP,1,3.44
1RGG,A,ASP,1,3.44
1C54,A,ASP,1,3.44
1LNI,A,ASP,17,3.72
1RGG,A,ASP,17,3.72
1C54,A,ASP,17,3.72
1LNI,A,ASP,33,2.39
1RGG,A,ASP,33,2.39
1C54,A,ASP,33,2.39
1LNI,A,GLU,41,4.14
1RGG,A,GLU,41,4.14
1C54,A,GLU,41,4.14
1RGG,A,TYR,49,10.6
1RGG,A,TYR,49,10.6
1C54,A,TYR,49,10.6
1RGG,A,GLU,54,3.42
1RGG,A,GLU,54,3.42
1C54,A,GLU,54,3.42
1LNI,A,GLU,74,3.47
1RGG,A,GLU,74,3.47
1C54,A,GLU,74,3.47
1LNI,A,GLU,78,3.13
1RGG,A,GLU,78,3.13
1C54,A,GLU,78,3.13
1LNI,A,ASP,79,7.37
1RGG,A,ASP,79,7.37
1C54,A,ASP,79,7.37
1LNI,A,ASP,84,3.01
1RGG,A,ASP,84,3.01
1C54,A,ASP,84,3.01
1LNI,A,HIS,85,6.35
1RGG,A,HIS,85,6.35
1C54,A,HIS,85,6.35
1LNI,A,ASP,93,3.09
1RGG,A,ASP,93,3.09
1C54,A,ASP,93,3.09
1FNA,A,GLU,38,3.8
1FNA,A,GLU,47,3.9
1FNA,A,ASP,67,4.2
1FNA,A,ASP,80,3.4
1NTI,A_17C,CYS,17,9.8
1NTI,A_17C,CYS,17,9.8
1NTI,A_36C,CYS,36,9.5
1NTI,A_36C,CYS,36,9.5
1NTI,A_46C,CYS,46,8.2
1NTI,A_46C,CYS,46,8.2
1NTI,A_65C,CYS,65,9
1NTI,A_65C,CYS,65,9
1NTI,A_78C,CYS,78,9.6
1NTI,A_78C,CYS,78,9.6
1NTI,A_86C,CYS,86,9.9
1NTI,A_86C,CYS,86,9.9
1POH,A,HIS,76,6
1A91,A,ASP,7,5.6
1A91,A,GLU,37,5.5
1A91,A,ASP,44,5.6
1A91,A,ASP,61,7.1
1UBQ,A,GLU,18,4.3
1UBQ,A,ASP,21,3.1
1UBQ,A,GLU,24,4.3
1UBQ,A,GLU,34,4.5
1UBQ,A,ASP,39,3.6
1UBQ,A,GLU,51,3.8
1UBQ,A,ASP,52,3.4
1UBQ,A,ASP,58,3.6
1UBQ,A,GLU,64,4.5
1IG5,A,LYS,1,10.59
1IGV,A,LYS,1,10.59
3ICB,A,LYS,1,10.61
4ICB,A,LYS,1,10.59
2BCA,A,LYS,1,10.59
1IG5,A,GLU,4,3.77
1IGV,A,GLU,4,3.77
3ICB,A,GLU,4,3.77
4ICB,A,GLU,4,3.77
1IG5,A,GLU,5,3.4
1IGV,A,GLU,5,3.4
3ICB,A,GLU,5,3.4
4ICB,A,GLU,5,3.4
1IG5,A,LYS,7,11.36
1IGV,A,LYS,7,11.36
3ICB,A,LYS,7,11.39
4ICB,A,LYS,7,11.36
2BCA,A,LYS,7,11.36
1CLB,A,LYS,7,12.53
1IG5,A,GLU,11,4.74
1IGV,A,GLU,11,4.74
3ICB,A,GLU,11,4.74
4ICB,A,GLU,11,4.74
1IG5,A,LYS,12,11.06
1IGV,A,LYS,12,11.06
3ICB,A,LYS,12,11.06
4ICB,A,LYS,12,11.06
2BCA,A,LYS,12,11.06
1CLB,A,LYS,12,12.02
1IG5,A,LYS,16,11.06
1IGV,A,LYS,16,11.06
3ICB,A,LYS,16,10.06
4ICB,A,LYS,16,10.06
2BCA,A,LYS,16,11.06
1CLB,A,LYS,16,11.9
1IG5,A,GLU,17,3.62
1IGV,A,GLU,17,3.62
3ICB,A,GLU,17,3.62
4ICB,A,GLU,17,3.62
1IG5,A,LYS,25,11.81
1IGV,A,LYS,25,11.81
3ICB,A,LYS,25,11.72
4ICB,A,LYS,25,11.81
1CLB,A,LYS,25,13.21
1IG5,A,GLU,26,4.08
1IGV,A,GLU,26,4.08
3ICB,A,GLU,26,4.08
4ICB,A,GLU,26,4.08
2BCA,A,GLU,26,4.08
1IG5,A,LYS,29,11.28
1IGV,A,LYS,29,11.28
3ICB,A,LYS,29,11.05
4ICB,A,LYS,29,11.28
2BCA,A,LYS,29,11.28
1CLB,A,LYS,29,11.81
1IG5,A,LYS,41,10.93
1IGV,A,LYS,41,10.93
3ICB,A,LYS,41,10.95
4ICB,A,LYS,41,10.93
2BCA,A,LYS,41,10.93
1CLB,A,LYS,41,11.02
1IG5,A,ASP,47,3.04
1IGV,A,ASP,47,3.04
3ICB,A,ASP,47,3.04
4ICB,A,ASP,47,3.04
1IG5,A,GLU,48,4.62
1IGV,A,GLU,48,4.62
3ICB,A,GLU,48,4.62
4ICB,A,GLU,48,4.62
1IG5,A,GLU,64,3.84
1IGV,A,GLU,64,3.84
3ICB,A,GLU,64,3.84
4ICB,A,GLU,64,3.84
1IG5,A,LYS,71,10.73
1IGV,A,LYS,71,10.73
3ICB,A,LYS,71,10.73
4ICB,A,LYS,71,10.72
2BCA,A,LYS,71,10.73
1CLB,A,LYS,71,11.22
1IG5,A,LYS,72,11.33
1IGV,A,LYS,72,11.33
3ICB,A,LYS,72,11.01
4ICB,A,LYS,72,11.33
2BCA,A,LYS,72,11.33
1CLB,A,LYS,72,11.95
1BF4,A,GLU,11,3.5
1C8C,A,GLU,11,3.5
1SAP,A,GLU,11,4.19
1AZP,A,GLU,11,4.19
1BNZ,A,GLU,11,4.17
1CA5,A,GLU,11,4.19
1BF4,A,GLU,12,3.5
1C8C,A,GLU,12,3.5
1SAP,A,GLU,12,4.41
1AZP,A,GLU,12,4.41
1BNZ,A,GLU,12,4.33
1CA5,A,GLU,12,4.41
1SAP,A,GLU,14,4
1AZP,A,GLU,14,4
1CA5,A,GLU,14,4
1BF4,A,ASP,16,2.9
1C8C,A,ASP,16,2.9
1SAP,A,ASP,16,2.89
1AZP,A,ASP,16,2.89
1BNZ,A,ASP,16,2.62
1CA5,A,ASP,16,2.89
1BF4,A,ASP,35,2.6
1C8C,A,ASP,35,2.6
1SAP,A,ASP,35,3.42
1AZP,A,ASP,35,3.42
1BNZ,A,ASP,35,2.67
1CA5,A,ASP,35,3.42
1SAP,A,ASP,36,3.12
1AZP,A,ASP,36,3.12
1CA5,A,ASP,36,3.12
1BF4,A,GLU,36,5.4
1C8C,A,GLU,36,5.4
1BNZ,A,GLU,36,4.89
1BF4,A,GLU,48,3.5
1C8C,A,GLU,48,3.5
1SAP,A,GLU,47,4.21
1AZP,A,GLU,47,4.21
1BNZ,A,GLU,48,4.03
1CA5,A,GLU,47,4.21
1BF4,A,ASP,50,3
1C8C,A,ASP,50,3
1SAP,A,ASP,49,3.55
1AZP,A,ASP,49,3.55
1BNZ,A,ASP,50,3.55
1CA5,A,ASP,49,3.55
1BF4,A,GLU,54,3.2
1C8C,A,GLU,54,3.2
1SAP,A,GLU,53,3.53
1AZP,A,GLU,53,3.53
1BNZ,A,GLU,54,3.56
1CA5,A,GLU,53,3.53
1SAP,A,ASP,56,3.35
1AZP,A,ASP,56,3.35
1CA5,A,ASP,56,3.35
1BF4,A,GLU,60,4.1
1BNZ,A,GLU,60,4.24
2CI2,I,GLU,23,3.2
2SNI,I,GLU,23,3.2
3CI2,A,GLU,23,3.2
2CI2,I,GLU,26,3.3
2SNI,I,GLU,26,3.3
3CI2,A,GLU,26,3.3
2CI2,I,GLU,33,4.2
2SNI,I,GLU,33,4.2
3CI2,A,GLU,33,4.2
2CI2,I,ASP,42,3.3
2SNI,I,ASP,42,3.3
2CI2,I,GLU,45,3.9
2SNI,I,GLU,45,3.9
3CI2,A,GLU,45,3.85
2CI2,I,GLU,60,3.5
2SNI,I,GLU,60,3.5
3CI2,A,GLU,60,3.5
2CI2,I,ASP,64,3.8
2SNI,I,ASP,64,3.8
3CI2,A,ASP,64,3.8
2CI2,I,ASP,71,2.8
2SNI,I,ASP,71,2.8
3CI2,A,ASP,71,2.8
2CI2,I,ASP,74,5
2SNI,I,ASP,74,5
3CI2,A,ASP,74,4.95
1KXI,A,HIS,4,5.6
1CVO,A,GLU,17,4
1KXI,A,GLU,17,4
1CVO,A,ASP,42,3.2
1KXI,A,ASP,42,3.2
1CVO,A,ASP,59,2.3
1KXI,A,ASP,59,2.3
3EBX,A,HIS,6,2.8
1FRA,A,HIS,6,2.8
3EBX,A,HIS,26,5.8
1ERA,A,HIS,26,5.8
1FRA,A,HIS,26,5.8
1GB1,A,GLU,15,4.4
1IGD,A,GLU,20,4.3
1PGA,A,GLU,15,4.4
1PGB,A,GLU,15,4.4
2GB1,A,GLU,15,4.4
2IGD,A,GLU,20,4.3
2IGH,A,GLU,20,4.3
2QMT,A,GLU,15,4.4
3GB1,A,GLU,15,4.4
1PGA,A,GLU,19,3.7
1PGB,A,GLU,19,3.7
2GB1,A,GLU,19,3.7
2QMT,A,GLU,19,3.7
3GB1,A,GLU,19,3.7
1IGD,A,LYS,24,10.7
1GB1,A,ASP,22,2.9
1IGD,A,ASP,27,2.9
1PGA,A,ASP,22,2.9
1PGB,A,ASP,22,2.9
2GB1,A,ASP,22,2.9
2IGD,A,ASP,27,2.9
2IGH,A,ASP,27,2.9
2QMT,A,ASP,22,2.9
3GB1,A,ASP,22,2.9
1IGD,A,GLU,29,4.2
2IGD,A,GLU,29,4.2
2IGH,A,GLU,29,4.2
1GB1,A,GLU,27,4.5
1IGD,A,GLU,32,4.6
1PGA,A,GLU,27,4.5
1PGB,A,GLU,27,4.5
2GB1,A,GLU,27,4.5
2IGD,A,GLU,32,4.6
2IGH,A,GLU,32,4.6
2QMT,A,GLU,27,4.5
3GB1,A,GLU,27,4.5
1GB1,A,LYS,28,10.9
1PGA,A,LYS,28,10.9
1PGB,A,LYS,28,10.9
2GB1,A,LYS,28,10.9
2QMT,A,LYS,28,10.9
3GB1,A,LYS,28,10.9
1GB1,A,ASP,36,3.8
1IGD,A,ASP,41,3.9
1PGA,A,ASP,36,3.8
1PGB,A,ASP,36,3.8
2GB1,A,ASP,36,3.8
2IGD,A,ASP,41,3.9
2IGH,A,ASP,41,3.9
2QMT,A,ASP,36,3.8
3GB1,A,ASP,36,3.8
1GB1,A,ASP,40,4
1IGD,A,ASP,45,4.4
1PGA,A,ASP,40,4
1PGB,A,ASP,40,4
2GB1,A,ASP,40,4
2IGD,A,ASP,45,4.4
2IGH,A,ASP,45,4.4
2QMT,A,ASP,40,4
3GB1,A,ASP,40,4
1PGA,A,GLU,42,4.4
1PGB,A,GLU,42,4.4
2GB1,A,GLU,42,4.4
2QMT,A,GLU,42,4.4
3GB1,A,GLU,42,4.4
1GB1,A,ASP,46,3.6
1IGD,A,ASP,51,3.6
1PGA,A,ASP,46,3.6
1PGB,A,ASP,46,3.6
2GB1,A,ASP,46,3.6
2IGD,A,ASP,51,3.6
2IGH,A,ASP,51,3.6
2QMT,A,ASP,46,3.6
3GB1,A,ASP,46,3.6
1GB1,A,ASP,47,3.4
1IGD,A,ASP,52,3.4
1PGA,A,ASP,47,3.4
1PGB,A,ASP,47,3.4
2GB1,A,ASP,47,3.4
2IGD,A,ASP,52,3.4
2IGH,A,ASP,52,3.4
2QMT,A,ASP,47,3.4
3GB1,A,ASP,47,3.4
1GB1,A,GLU,56,4
1IGD,A,GLU,61,4.2
1PGA,A,GLU,56,4
1PGB,A,GLU,56,4
2GB1,A,GLU,56,4
2IGD,A,GLU,61,4.2
2IGH,A,GLU,61,4.2
2QMT,A,GLU,56,4
3GB1,A,GLU,56,4
1BHC,A,GLU,63,3.7
1BPI,A,GLU,7,3.7
1D0D,B,GLU,7,3.7
4PTI,A,GLU,7,3.7
4PTI,A,TYR,10,10.4
1BHC,A,LYS,71,10.6
1BPI,A,LYS,15,10.6
1D0D,B,LYS,15,10.6
4PTI,A,LYS,15,10.6
4PTI,A,TYR,21,11.1
4PTI,A,TYR,23,11.7
4PTI,A,TYR,35,11.1
1BHC,A,LYS,97,10.8
1BPI,A,LYS,41,10.8
1D0D,B,LYS,41,10.8
4PTI,A,LYS,41,10.8
1BHC,A,LYS,102,10.6
1BPI,A,LYS,46,10.6
1D0D,B,LYS,46,10.6
4PTI,A,LYS,46,10.6
1BHC,A,GLU,105,3.8
1BPI,A,GLU,49,3.8
1D0D,B,GLU,49,3.8
4PTI,A,GLU,49,3.8
1BHC,A,ASP,106,3.4
1BPI,A,ASP,50,3.4
1D0D,B,ASP,50,3.4
4PTI,A,ASP,50,3.4
1BUS,A,GLU,9,4.5
2BUS,A,GLU,9,4.3
2OVO,A,GLU,10,4.14
1PPF,I,GLU,10,4.14
1OMU,A,GLU,10,4.2
1OMT,A,GLU,10,4.2
1TUR,A,GLU,10,4.2
1TUS,A,GLU,10,4.2
2OVO,A,TYR,11,10.16
1OMT,A,TYR,11,10.2
1OMU,A,TYR,11,10.2
1TUR,A,TYR,11,10.2
1TUS,A,TYR,11,10.2
1BUS,A,ASP,12,3.6
2BUS,A,ASP,12,3.6
2OVO,A,LYS,13,9.86
1PPF,I,LYS,13,9.87
1OMU,A,LYS,13,9.9
1OMT,A,LYS,13,9.9
1TUR,A,LYS,13,9.9
1TUS,A,LYS,13,9.9
1BUS,A,GLU,20,4.4
2BUS,A,GLU,20,4.1
2OVO,A,GLU,19,3.21
1PPF,I,GLU,19,3.21
1OMT,A,GLU,19,3.2
1OMU,A,GLU,19,3.2
1TUR,A,GLU,19,3.2
1TUS,A,GLU,19,3.2
2OVO,A,TYR,20,11.07
1OMT,A,TYR,20,11.1
1OMU,A,TYR,20,11.1
1TUR,A,TYR,20,11.1
1TUS,A,TYR,20,11.1
2OVO,A,ASP,27,2.3
1PPF,I,ASP,27,2.22
1OMU,A,ASP,27,2.3
1OMT,A,ASP,27,2.3
1TUR,A,ASP,27,2.3
1TUS,A,ASP,27,2.3
2OVO,A,LYS,29,11.12
1PPF,I,LYS,29,11.12
1OMU,A,LYS,29,11.1
1OMT,A,LYS,29,11.1
1TUR,A,LYS,29,11.1
1TUS,A,LYS,29,11.1
2OVO,A,LYS,34,10.13
1PPF,I,LYS,34,10.13
1OMU,A,LYS,34,10.1
1OMT,A,LYS,34,10.1
1TUR,A,LYS,34,10.1
1TUS,A,LYS,34,10.1
2OVO,A,GLU,43,4.81
1PPF,I,GLU,43,4.81
1OMU,A,GLU,43,4.8
1OMT,A,GLU,43,4.8
1TUR,A,GLU,43,4.8
1TUS,A,GLU,43,4.8
2OVO,A,HIS,52,7.5
1PPF,I,HIS,52,7.5
1OMT,A,HIS,52,7.5
1OMU,A,HIS,52,7.5
1TUR,A,HIS,52,7.5
1TUS,A,HIS,52,7.5
2OVO,A,LYS,55,11.1
1PPF,I,LYS,55,11.1
1OMU,A,LYS,55,11.1
1OMT,A,LYS,55,11.1
1TUR,A,LYS,55,11.1
1TUS,A,LYS,55,11.1
1EGF,A,ASP,11,3.9
1EPG,A,ASP,11,3.9
1EPH,A,ASP,11,3.9
3EGF,A,ASP,11,3.9
1EPI,A,ASP,11,3.9
1EPH,A,HIS,22,6.8
3EGF,A,HIS,22,6.8
1EPI,A,HIS,22,6.8
1EGF,A,GLU,24,4.1
1EPG,A,GLU,24,4.1
1EPH,A,GLU,24,4.1
3EGF,A,GLU,24,4.1
1EPI,A,GLU,24,4.1
1EGF,A,ASP,27,4
1EPG,A,ASP,27,4
1EPH,A,ASP,27,4
3EGF,A,ASP,27,4
1EPI,A,ASP,27,4
1EGF,A,ASP,40,3.6
1EPG,A,ASP,40,3.6
1EPH,A,ASP,40,3.6
3EGF,A,ASP,40,3.6
1EPI,A,ASP,40,3.6
1EGF,A,ASP,46,3.8
1EPG,A,ASP,46,3.8
1EPH,A,ASP,46,3.8
3EGF,A,ASP,46,3.8
1EPI,A,ASP,46,3.8
1HIC,A,ASP,5,4.25
1HIC,A,GLU,8,4.28
1HIC,A,ASP,33,4.24
1HIC,A,GLU,35,4.32
1HIC,A,GLU,43,4.24
1BI6,A,GLU,12,3.3
1BI6,A,GLU,13,3.3
1BI6,A,ASP,20,3
1BI6,A,ASP,24,3.8
1BI6,A,GLU,35,4.2
1BI6,A,ASP,43,3.1
1BI6,A,ASP,49,3.7
1A93,A,HIS,29,6.85
1U2U,A,GLU,1,4.1
1FMH,A,GLU,1,4.14
1U2U,A,GLU,6,4.9
1FMH,A,GLU,6,4.82
1U2U,A,GLU,8,4.89
1FMH,A,GLU,8,4.52
1U2U,A,GLU,13,4.42
1FMH,A,GLU,13,4.37
1U2U,A,GLU,15,4.09
1FMH,A,GLU,15,4.11
1U2U,A,GLU,20,4.21
1FMH,A,GLU,20,4.41
1U2U,A,GLU,22,4.83
1FMH,A,GLU,22,4.82
1U2U,A,GLU,27,4.74
1FMH,A,GLU,27,4.65
1U2U,A,GLU,29,4.63
1FMH,A,GLU,29,4.63
2ZTA,A,GLU,6,4.6
2ZTA,A,ASP,7,3.48
2ZTA,A,LYS,8,11.26
2ZTA,A,GLU,10,3.94
2ZTA,A,GLU,11,4.05
2ZTA,A,TYR,17,9.82
2ZTA,A,HIS,18,6.24
2ZTA,A,GLU,20,4.38
2ZTA,A,GLU,22,4.2
2ZTA,A,LYS,27,11.1
2ZTA,A,LYS,28,10.64
1ANS,A,TYR,7,9.7
1ANS,A,GLU,20,5.4
1BI6,A,GLU,5,4
